"Part";"Value";"Device";"Package";"Description";"AVAILABILITY";"CHECK_PRICES";"DESCRIPTION";"MF";"MP";"MPN";"OC_FARNELL";"OC_NEWARK";"PACKAGE";"POPULARITY";"PRICE";"PROD_ID";"PURCHASE-URL";"SNAPEDA_LINK";"VALUE";
"C2";"0.1uF";"C2.5/2";"C2.5-2";"CAPACITOR";"";"";"";"";"";"";"";"";"";"28";"";"";"";"";"";
"C2_22UF1";"22uF";"22UF-POLAR-PANASONIC_C-35V-20%";"PANASONIC_C";"22µF polarized capacitors";"";"";"";"";"";"";"";"";"";"";"";"CAP-08618";"";"";"22uF";
"C2_22UF2";"22uF";"22UF-POLAR-PANASONIC_C-35V-20%";"PANASONIC_C";"22µF polarized capacitors";"";"";"";"";"";"";"";"";"";"";"";"CAP-08618";"";"";"22uF";
"C2_22UF3";"22uF";"22UF-POLAR-PANASONIC_C-35V-20%";"PANASONIC_C";"22µF polarized capacitors";"";"";"";"";"";"";"";"";"";"";"";"CAP-08618";"";"";"22uF";
"C5";"0.1uF";"C2.5/2";"C2.5-2";"CAPACITOR";"";"";"";"";"";"";"";"";"";"28";"";"";"";"";"";
"D1";"1N4004";"1N4004";"DO41-10";"DIODE";"";"";"";"";"";"";"";"";"";"82";"";"";"";"";"";
"D2";"";"SCHOTTKY-DIODEC4111-15";"C4111-15";"Schottky Diode";"";"";"";"";"";"";"";"";"";"0";"";"";"";"";"";
"IC2";"LM2596S";"LM2596S";"TO263-5";"SIMPLE SWITCHER® Power Converter 150 kHz 3A Step-Down Voltage Regulator";"";"";"";"NATIONAL SEMICONDUCTOR";"";"LM2596S-ADJ/NOPB";"9494367";"41K3842";"";"12";"";"";"";"";"";
"J1";"B3B-XH-A(LF)(SN)";"B3B-XH-A(LF)(SN)";"JST_B3B-XH-A(LF)(SN)";"Check availability";"In Stock";"https://www.snapeda.com/parts/B3B-XH-A(LF)(SN)/JST+Sales+America+Inc./view-part/?ref=eda";" Connector Header Through Hole 3 position 0.098 (2.50mm) ";"JST Sales";"B3B-XH-A(LF)(SN)";"";"";"";"None";"";"None";"";"";"https://www.snapeda.com/parts/B3B-XH-A(LF)(SN)/JST+Sales+America+Inc./view-part/?ref=snap";"";
"J2";"B5B-XH-A(LF)(SN)";"B5B-XH-A(LF)(SN)";"JST_B5B-XH-A(LF)(SN)";"Check availability";"In Stock";"https://www.snapeda.com/parts/B5B-XH-A(LF)(SN)/JST+Sales+America+Inc./view-part/?ref=eda";" Connector Header Through Hole 5 position 0.098 (2.50mm) ";"JST Sales America Inc.";"B5B-XH-A(LF)(SN)";"";"";"";"None";"";"None";"";"";"https://www.snapeda.com/parts/B5B-XH-A(LF)(SN)/JST+Sales+America+Inc./view-part/?ref=snap";"";
"JP1";"";"JP2E";"JP2";"JUMPER";"";"";"";"";"";"";"";"";"";"34";"";"";"";"";"";
"OK1";"PC817";"PC817";"DIL04";"SHARP OPTO COUPLER";"";"";"";"";"";"PC817X4J000F";"9707727";"97K7059";"";"20";"";"";"";"";"";
"Q10";"600mA/40V";"TRANS_NPN-P2N2222A";"TO-92";"NPN transistor";"";"";"";"";"";"";"";"";"";"";"";"TRANS-09536";"";"";"600mA/40V";
"R1";"580";"100OHM-HORIZ-1/4W-1%";"AXIAL-0.3@1";"100Ω resistor";"";"";"";"";"";"";"";"";"";"";"";"RES-12181";"";"";"100";
"R2";"580";"100OHM-HORIZ-1/4W-1%";"AXIAL-0.3@1";"100Ω resistor";"";"";"";"";"";"";"";"";"";"";"";"RES-12181";"";"";"100";
"R3";"10k";"100OHM-HORIZ-1/4W-1%";"AXIAL-0.3@1";"100Ω resistor";"";"";"";"";"";"";"";"";"";"";"";"RES-12181";"";"";"100";
"R4";"10k";"100OHM-HORIZ-1/4W-1%";"AXIAL-0.3@1";"100Ω resistor";"";"";"";"";"";"";"";"";"";"";"";"RES-12181";"";"";"100";
"R5";"10k";"100OHM-HORIZ-1/4W-1%";"AXIAL-0.3@1";"100Ω resistor";"";"";"";"";"";"";"";"";"";"";"";"RES-12181";"";"";"100";
"R18";"330";"1KOHM-HORIZ-1/4W-1%";"AXIAL-0.3";"1kΩ resistor";"";"";"";"";"";"";"";"";"";"";"";"RES-12182";"";"";"1k";
"U$1";"0630CDMCCDS-4R7MC";"0630CDMCCDS-4R7MC";"0630CDMCCDS-4R7MC";"Check availability";"In Stock";"https://www.snapeda.com/parts/0630CDMCCDS-4R7MC/Sumida/view-part/?ref=eda";"                                                      4.7 µH Shielded Molded Inductor 6.3 A 33mOhm Max Nonstandard                                              ";"Sumida";"0630CDMCCDS-4R7MC";"";"";"";"Nonstandard Sumida";"";"None";"";"";"https://www.snapeda.com/parts/0630CDMCCDS-4R7MC/Sumida/view-part/?ref=snap";"";
"U1";"AMS1117-5.0";"AMS1117-5.0";"SOT229P700X180-4N";"Check availability";"Not in stock";"https://www.snapeda.com/parts/AMS1117-5.0/Advanced+Monolithic+Systems/view-part/?ref=eda";" Sot223/Pkg 1-Amp 5-Volt Low Drop Out Voltage Regulatator ";"Advanced Monolithic Systems";"AMS1117-5.0";"";"";"";"SOT-223 Seeed Technology";"";"None";"";"";"https://www.snapeda.com/parts/AMS1117-5.0/Advanced+Monolithic+Systems/view-part/?ref=snap";"";
"U3";"ESP32-C3_SUPERMINI";"ESP32-C3_SUPERMINI";"MODULE_ESP32-C3_SUPERMINI";"Check availability";"Not in stock";"https://www.snapeda.com/parts/ESP32-C3%20SuperMini/Espressif+Systems/view-part/?ref=eda";" Super tiny ESP32-C3 board ";"Espressif Systems";"ESP32-C3 SuperMini";"";"";"";"Package ";"";"None";"";"";"https://www.snapeda.com/parts/ESP32-C3%20SuperMini/Espressif+Systems/view-part/?ref=snap";"";
"VR2";"10k";"3362P-1-253LF";"TRIM_3362P-1-253LF";"Res Cermet Trimmer 50K Ohm 10% 1/2W 1(Elec)/1(Mech)Turn 2.77mm (6.6 X 6.99 X 4.7mm) Pin Thru-Hole Tube  Check availability";"In Stock";"https://www.snapeda.com/parts/3362P-1-253LF/Bourns/view-part/?ref=eda";" 1/4 Sq, Thru-Hole, TRIMMER, 25 Kilohms, Cermet, Single Turn | Bourns 3362P-1-253LF ";"Bourns";"3362P-1-253LF";"";"";"";"3362P-1 Bourns Inc.";"";"None";"";"https://www.snapeda.com/api/url_track_click_mouser/?unipart_id=493663&manufacturer=Bourns&part_name=3362P-1-253LF&search_term=None";"https://www.snapeda.com/parts/3362P-1-253LF/Bourns/view-part/?ref=snap";"";
